# Синтетичний політ: старт, виліт на пн-сх, втрата зв'язку на 43 с, набір висоти, повернення додому, посадка.
t_ms,lat,lon,alt_m,heading_deg,link,sats,state,roll_deg,pitch_deg,temp_c
0,0.0000000,0.0000000,150.00,0.0,1,0,-,0.0,0.0,24.0
500,0.0000000,0.0000000,150.00,0.0,1,0,-,0.0,0.0,24.0
1000,0.0000000,0.0000000,150.00,0.0,1,0,-,0.0,0.0,24.0
1500,0.0000000,0.0000000,150.00,0.0,1,0,-,0.0,0.0,24.0
2000,50.4501000,30.5234000,150.00,0.0,1,3,-,0.0,-5.0,24.0
2500,50.4501000,30.5234000,150.00,0.0,1,3,-,0.0,0.0,24.0
3000,50.4501159,30.5234249,150.00,45.0,1,8,-,10.0,-5.0,24.0
3500,50.4501318,30.5234499,150.75,45.0,1,8,-,0.0,-5.0,24.0
4000,50.4501476,30.5234748,151.50,45.0,1,8,-,0.0,-5.0,24.0
4500,50.4501635,30.5234998,152.25,45.0,1,8,-,0.0,-5.0,24.0
5000,50.4501794,30.5235247,153.00,45.0,1,8,-,0.0,-5.0,24.0
5500,50.4501953,30.5235496,153.75,45.0,1,8,-,0.0,-5.0,24.0
6000,50.4502112,30.5235746,154.50,45.0,1,8,-,0.0,-5.0,24.0
6500,50.4502270,30.5235995,155.25,45.0,1,8,-,0.0,-5.0,24.0
7000,50.4502429,30.5236245,156.00,45.0,1,8,-,0.0,-5.0,24.0
7500,50.4502588,30.5236494,156.75,45.0,1,8,-,0.0,-5.0,24.0
8000,50.4502747,30.5236743,157.50,45.0,1,8,-,0.0,-5.0,24.0
8500,50.4502906,30.5236993,158.25,45.0,1,8,-,0.0,-5.0,24.0
9000,50.4503064,30.5237242,159.00,45.0,1,8,-,0.0,-5.0,24.0
9500,50.4503223,30.5237491,159.75,45.0,1,8,-,0.0,-5.0,24.0
10000,50.4503382,30.5237741,160.50,45.0,1,8,-,0.0,-5.0,24.0
10500,50.4503541,30.5237990,161.25,45.0,1,8,-,0.0,-5.0,24.0
11000,50.4503700,30.5238240,162.00,45.0,1,8,-,0.0,-5.0,24.0
11500,50.4503858,30.5238489,162.75,45.0,1,8,-,0.0,-5.0,24.0
12000,50.4504017,30.5238738,163.50,45.0,1,8,-,0.0,-5.0,24.0
12500,50.4504176,30.5238988,164.25,45.0,1,8,-,0.0,-5.0,24.0
13000,50.4504335,30.5239237,165.00,45.0,1,8,-,0.0,-5.0,24.0
13500,50.4504494,30.5239487,165.00,45.0,1,8,-,0.0,-5.0,24.0
14000,50.4504652,30.5239736,165.00,45.0,1,8,-,0.0,-5.0,24.0
14500,50.4504811,30.5239985,165.00,45.0,1,8,-,0.0,-5.0,24.0
15000,50.4504970,30.5240235,165.00,45.0,1,8,-,0.0,-5.0,24.0
15500,50.4505129,30.5240484,165.00,45.0,1,8,-,0.0,-5.0,24.0
16000,50.4505288,30.5240734,165.00,45.0,1,8,-,0.0,-5.0,24.0
16500,50.4505446,30.5240983,165.00,45.0,1,8,-,0.0,-5.0,24.0
17000,50.4505605,30.5241232,165.00,45.0,1,8,-,0.0,-5.0,24.0
17500,50.4505764,30.5241482,165.00,45.0,1,8,-,0.0,-5.0,24.0
18000,50.4505923,30.5241731,165.00,45.0,1,8,-,0.0,-5.0,24.0
18500,50.4506082,30.5241981,165.00,45.0,1,8,-,0.0,-5.0,24.0
19000,50.4506240,30.5242230,165.00,45.0,1,8,-,0.0,-5.0,24.0
19500,50.4506399,30.5242479,165.00,45.0,1,8,-,0.0,-5.0,24.0
20000,50.4506558,30.5242729,165.00,45.0,1,8,-,0.0,-5.0,24.0
20500,50.4506717,30.5242978,165.00,45.0,1,8,-,0.0,-5.0,24.0
21000,50.4506876,30.5243228,165.00,45.0,1,8,-,0.0,-5.0,24.0
21500,50.4507034,30.5243477,165.00,45.0,1,8,-,0.0,-5.0,24.0
22000,50.4507193,30.5243726,165.00,45.0,1,8,-,0.0,-5.0,24.0
22500,50.4507352,30.5243976,165.00,45.0,1,8,-,0.0,-5.0,24.0
23000,50.4507511,30.5244225,165.00,45.0,1,8,-,0.0,-5.0,24.0
23500,50.4507670,30.5244474,165.00,45.0,1,8,-,0.0,-5.0,24.0
24000,50.4507828,30.5244724,165.00,45.0,1,8,-,0.0,-5.0,24.0
24500,50.4507987,30.5244973,165.00,45.0,1,8,-,0.0,-5.0,24.0
25000,50.4508146,30.5245223,165.00,45.0,1,8,-,0.0,-5.0,24.0
25500,50.4508305,30.5245472,165.00,45.0,1,8,-,0.0,-5.0,24.0
26000,50.4508464,30.5245721,165.00,45.0,1,8,-,0.0,-5.0,24.0
26500,50.4508622,30.5245971,165.00,45.0,1,8,-,0.0,-5.0,24.0
27000,50.4508781,30.5246220,165.00,45.0,1,8,-,0.0,-5.0,24.0
27500,50.4508940,30.5246470,165.00,45.0,1,8,-,0.0,-5.0,24.0
28000,50.4509099,30.5246719,165.00,45.0,1,8,-,0.0,-5.0,24.0
28500,50.4509258,30.5246968,165.00,45.0,1,8,-,0.0,-5.0,24.0
29000,50.4509416,30.5247218,165.00,45.0,1,8,-,0.0,-5.0,24.0
29500,50.4509575,30.5247467,165.00,45.0,1,8,-,0.0,-5.0,24.0
30000,50.4509734,30.5247717,165.00,45.0,1,8,-,0.0,-5.0,24.0
30500,50.4509893,30.5247966,165.00,45.0,1,8,-,0.0,-5.0,24.0
31000,50.4510052,30.5248215,165.00,45.0,1,8,-,0.0,-5.0,24.0
31500,50.4510210,30.5248465,165.00,45.0,1,8,-,0.0,-5.0,24.0
32000,50.4510369,30.5248714,165.00,45.0,1,8,-,0.0,-5.0,24.0
32500,50.4510528,30.5248964,165.00,45.0,1,8,-,0.0,-5.0,24.0
33000,50.4510687,30.5249213,165.00,45.0,1,8,-,0.0,-5.0,24.0
33500,50.4510846,30.5249462,165.00,45.0,1,8,-,0.0,-5.0,24.0
34000,50.4511004,30.5249712,165.00,45.0,1,8,-,0.0,-5.0,24.0
34500,50.4511163,30.5249961,165.00,45.0,1,8,-,0.0,-5.0,24.0
35000,50.4511322,30.5250210,165.00,45.0,1,8,-,0.0,-5.0,24.0
35500,50.4511481,30.5250460,165.00,45.0,1,8,-,0.0,-5.0,24.0
36000,50.4511640,30.5250709,165.00,45.0,1,8,-,0.0,-5.0,24.0
36500,50.4511798,30.5250959,165.00,45.0,1,8,-,0.0,-5.0,24.0
37000,50.4511957,30.5251208,165.00,45.0,1,8,-,0.0,-5.0,24.0
37500,50.4512116,30.5251457,165.00,45.0,1,8,-,0.0,-5.0,24.0
38000,50.4512275,30.5251707,165.00,45.0,1,8,-,0.0,-5.0,24.0
38500,50.4512434,30.5251956,165.00,45.0,1,8,-,0.0,-5.0,24.0
39000,50.4512592,30.5252206,165.00,45.0,1,8,-,0.0,-5.0,24.0
39500,50.4512751,30.5252455,165.00,45.0,1,8,-,0.0,-5.0,24.0
40000,50.4512910,30.5252704,165.00,45.0,1,8,-,0.0,-5.0,24.0
40500,50.4513069,30.5252954,165.00,45.0,1,8,-,0.0,-5.0,24.0
41000,50.4513228,30.5253203,165.00,45.0,1,8,-,0.0,-5.0,24.0
41500,50.4513386,30.5253453,165.00,45.0,1,8,-,0.0,-5.0,24.0
42000,50.4513545,30.5253702,165.00,45.0,1,8,-,0.0,-5.0,24.0
42500,50.4513704,30.5253951,165.00,45.0,1,8,-,0.0,-5.0,24.0
43000,50.4513704,30.5253951,165.00,45.0,0,8,-,0.0,0.0,24.0
43500,50.4513704,30.5253951,165.00,45.0,0,8,-,0.0,0.0,24.0
44000,50.4513704,30.5253951,165.00,45.0,0,8,-,0.0,0.0,24.0
44500,50.4513704,30.5253951,165.00,45.0,0,8,-,0.0,0.0,24.0
45000,50.4513704,30.5253951,165.00,45.0,0,8,-,0.0,0.0,24.0
45500,50.4513704,30.5253951,165.00,45.0,0,8,-,0.0,0.0,24.0
46000,50.4513704,30.5253951,166.00,45.0,0,8,-,0.0,0.0,24.0
46500,50.4513704,30.5253951,167.00,45.0,0,8,-,0.0,0.0,24.0
47000,50.4513704,30.5253951,168.00,45.0,0,8,-,0.0,0.0,24.0
47500,50.4513704,30.5253951,169.00,45.0,0,8,-,0.0,0.0,24.0
48000,50.4513704,30.5253951,170.00,45.0,0,8,-,0.0,0.0,24.0
48500,50.4513704,30.5253951,171.00,45.0,0,8,-,0.0,0.0,24.0
49000,50.4513704,30.5253951,172.00,45.0,0,8,-,0.0,0.0,24.0
49500,50.4513704,30.5253951,173.00,45.0,0,8,-,0.0,0.0,24.0
50000,50.4513704,30.5253951,174.00,45.0,0,8,-,0.0,0.0,24.0
50500,50.4513704,30.5253951,175.00,45.0,0,8,-,0.0,0.0,24.0
51000,50.4513704,30.5253951,176.00,45.0,0,8,-,0.0,0.0,24.0
51500,50.4513704,30.5253951,177.00,45.0,0,8,-,0.0,0.0,24.0
52000,50.4513704,30.5253951,178.00,45.0,0,8,-,0.0,0.0,24.0
52500,50.4513704,30.5253951,179.00,45.0,0,8,-,0.0,0.0,24.0
53000,50.4513704,30.5253951,180.00,45.0,0,8,-,0.0,0.0,24.0
53500,50.4513704,30.5253951,180.00,81.0,0,8,-,10.0,0.0,24.0
54000,50.4513704,30.5253951,180.00,117.0,0,8,-,10.0,0.0,24.0
54500,50.4513704,30.5253951,180.00,153.0,0,8,-,10.0,0.0,24.0
55000,50.4513704,30.5253951,180.00,189.0,0,8,-,10.0,0.0,24.0
55500,50.4513704,30.5253951,180.00,225.0,0,8,-,10.0,0.0,24.0
56000,50.4513450,30.5253552,180.00,225.0,0,8,-,0.0,-5.0,24.0
56500,50.4513196,30.5253153,180.00,225.0,0,8,-,0.0,-5.0,24.0
57000,50.4512942,30.5252754,180.00,225.0,0,8,-,0.0,-5.0,24.0
57500,50.4512688,30.5252355,180.00,225.0,0,8,-,0.0,-5.0,24.0
58000,50.4512434,30.5251956,180.00,225.0,0,8,-,0.0,-5.0,24.0
58500,50.4512180,30.5251557,180.00,225.0,0,8,-,0.0,-5.0,24.0
59000,50.4511925,30.5251158,180.00,225.0,0,8,-,0.0,-5.0,24.0
59500,50.4511671,30.5250759,180.00,225.0,0,8,-,0.0,-5.0,24.0
60000,50.4511417,30.5250360,180.00,225.0,0,8,-,0.0,-5.0,24.0
60500,50.4511163,30.5249961,180.00,225.0,0,8,-,0.0,-5.0,24.0
61000,50.4510909,30.5249562,180.00,225.0,0,8,-,0.0,-5.0,24.0
61500,50.4510655,30.5249163,180.00,225.0,0,8,-,0.0,-5.0,24.0
62000,50.4510401,30.5248764,180.00,225.0,0,8,-,0.0,-5.0,24.0
62500,50.4510147,30.5248365,180.00,225.0,0,8,-,0.0,-5.0,24.0
63000,50.4509893,30.5247966,180.00,225.0,0,8,-,0.0,-5.0,24.0
63500,50.4509639,30.5247567,180.00,225.0,0,8,-,0.0,-5.0,24.0
64000,50.4509385,30.5247168,180.00,225.0,0,8,-,0.0,-5.0,24.0
64500,50.4509131,30.5246769,180.00,225.0,0,8,-,0.0,-5.0,24.0
65000,50.4508877,30.5246370,180.00,225.0,0,8,-,0.0,-5.0,24.0
65500,50.4508622,30.5245971,180.00,225.0,0,8,-,0.0,-5.0,24.0
66000,50.4508368,30.5245572,180.00,225.0,0,8,-,0.0,-5.0,24.0
66500,50.4508114,30.5245173,180.00,225.0,0,8,-,0.0,-5.0,24.0
67000,50.4507860,30.5244774,180.00,225.0,0,8,-,0.0,-5.0,24.0
67500,50.4507606,30.5244375,180.00,225.0,0,8,-,0.0,-5.0,24.0
68000,50.4507352,30.5243976,180.00,225.0,0,8,-,0.0,-5.0,24.0
68500,50.4507098,30.5243577,180.00,225.0,0,8,-,0.0,-5.0,24.0
69000,50.4506844,30.5243178,180.00,225.0,0,8,-,0.0,-5.0,24.0
69500,50.4506590,30.5242779,180.00,225.0,0,8,-,0.0,-5.0,24.0
70000,50.4506336,30.5242380,180.00,225.0,0,8,-,0.0,-5.0,24.0
70500,50.4506082,30.5241981,180.00,225.0,0,8,-,0.0,-5.0,24.0
71000,50.4505828,30.5241582,180.00,225.0,0,8,-,0.0,-5.0,24.0
71500,50.4505573,30.5241182,180.00,225.0,0,8,-,0.0,-5.0,24.0
72000,50.4505319,30.5240783,180.00,225.0,0,8,-,0.0,-5.0,24.0
72500,50.4505065,30.5240384,180.00,225.0,0,8,-,0.0,-5.0,24.0
73000,50.4504811,30.5239985,180.00,225.0,0,8,-,0.0,-5.0,24.0
73500,50.4504557,30.5239586,180.00,225.0,0,8,-,0.0,-5.0,24.0
74000,50.4504303,30.5239187,180.00,225.0,0,8,-,0.0,-5.0,24.0
74500,50.4504049,30.5238788,180.00,225.0,0,8,-,0.0,-5.0,24.0
75000,50.4503795,30.5238389,180.00,225.0,0,8,-,0.0,-5.0,24.0
75500,50.4503541,30.5237990,180.00,225.0,0,8,-,0.0,-5.0,24.0
76000,50.4503287,30.5237591,180.00,225.0,0,8,-,0.0,-5.0,24.0
76500,50.4503033,30.5237192,180.00,225.0,0,8,-,0.0,-5.0,24.0
77000,50.4502779,30.5236793,180.00,225.0,0,8,-,0.0,-5.0,24.0
77500,50.4502524,30.5236394,180.00,225.0,0,8,-,0.0,-5.0,24.0
78000,50.4502270,30.5235995,180.00,225.0,0,8,-,0.0,-5.0,24.0
78500,50.4502016,30.5235596,180.00,225.0,0,8,-,0.0,-5.0,24.0
79000,50.4501762,30.5235197,180.00,225.0,0,8,-,0.0,-5.0,24.0
79500,50.4501508,30.5234798,180.00,225.0,0,8,-,0.0,-5.0,24.0
80000,50.4501254,30.5234399,180.00,225.0,0,8,-,0.0,-5.0,24.0
80500,50.4501000,30.5234000,180.00,225.0,0,8,-,0.0,-5.0,24.0
81000,50.4501000,30.5234000,178.50,225.0,0,8,-,0.0,0.0,24.0
81500,50.4501000,30.5234000,177.00,225.0,0,8,-,0.0,0.0,24.0
82000,50.4501000,30.5234000,175.50,225.0,0,8,-,0.0,0.0,24.0
82500,50.4501000,30.5234000,174.00,225.0,0,8,-,0.0,0.0,24.0
83000,50.4501000,30.5234000,172.50,225.0,0,8,-,0.0,0.0,24.0
83500,50.4501000,30.5234000,171.00,225.0,0,8,-,0.0,0.0,24.0
84000,50.4501000,30.5234000,169.50,225.0,0,8,-,0.0,0.0,24.0
84500,50.4501000,30.5234000,168.00,225.0,0,8,-,0.0,0.0,24.0
85000,50.4501000,30.5234000,166.50,225.0,0,8,-,0.0,0.0,24.0
85500,50.4501000,30.5234000,165.00,225.0,0,8,-,0.0,0.0,24.0
