# Перевірка на столі без GPS: sats=0, дім береться з барометра (--no-gps).
# Плата лежить, потім "зникає зв'язок", через 3 с CLIMB, підіймаємо на ~1 м -> RETURN -> HOLD.
# Запуск: rth_app --replay course-project/data/scenario_indoor_bench.csv --no-gps --rth-alt 1 --alt-tolerance 0.3
t_ms,lat,lon,alt_m,heading_deg,link,sats,state,roll_deg,pitch_deg,temp_c
0,0.0000000,0.0000000,150.00,90.0,1,0,-,0.0,0.0,24.3
500,0.0000000,0.0000000,150.00,90.0,1,0,-,0.0,0.0,24.3
1000,0.0000000,0.0000000,150.00,90.0,1,0,-,0.0,0.0,24.3
1500,0.0000000,0.0000000,150.00,90.0,1,0,-,0.0,0.0,24.3
2000,0.0000000,0.0000000,150.00,90.0,1,0,-,0.0,0.0,24.3
2500,0.0000000,0.0000000,150.00,90.0,0,0,-,0.0,0.0,24.3
3000,0.0000000,0.0000000,150.00,90.0,0,0,-,0.0,0.0,24.3
3500,0.0000000,0.0000000,150.00,90.0,0,0,-,0.0,0.0,24.3
4000,0.0000000,0.0000000,150.00,90.0,0,0,-,0.0,0.0,24.3
4500,0.0000000,0.0000000,150.00,90.0,0,0,-,0.0,0.0,24.3
5000,0.0000000,0.0000000,150.00,90.0,0,0,-,0.0,0.0,24.3
5500,0.0000000,0.0000000,150.00,90.0,0,0,-,0.0,0.0,24.3
6000,0.0000000,0.0000000,150.15,90.0,0,0,-,3.0,-2.0,24.3
6500,0.0000000,0.0000000,150.35,90.0,0,0,-,5.0,-4.0,24.3
7000,0.0000000,0.0000000,150.55,90.0,0,0,-,4.0,-3.0,24.3
7500,0.0000000,0.0000000,150.72,90.0,0,0,-,2.0,-1.0,24.3
8000,0.0000000,0.0000000,150.95,90.0,0,0,-,1.0,0.0,24.3
8500,0.0000000,0.0000000,151.00,90.0,0,0,-,1.0,0.0,24.3
9000,0.0000000,0.0000000,151.00,90.0,0,0,-,1.0,0.0,24.3
9500,0.0000000,0.0000000,151.00,90.0,0,0,-,1.0,0.0,24.3
10000,0.0000000,0.0000000,151.00,90.0,0,0,-,1.0,0.0,24.3
10500,0.0000000,0.0000000,151.00,90.0,0,0,-,1.0,0.0,24.3
11000,0.0000000,0.0000000,151.00,90.0,0,0,-,1.0,0.0,24.3
11500,0.0000000,0.0000000,151.00,90.0,0,0,-,1.0,0.0,24.3
